{
    "name": "zebra-datepicker",
    "title": "Zebra_Datepicker",
    "description": "A super-lightweight, highly configurable, cross-browser date picker jQuery plugin",
    "keywords": [
        "calendar",
        "date",
        "datepicker",
        "form",
        "iso-8601",
        "ui"
    ],
    "version": "1.8.4",
    "author": {
        "name": "Stefan Gabos",
        "url": "http://stefangabos.ro/"
    },
    "maintainers": [
        {
            "name": "Stefan Gabos",
            "url": "http://stefangabos.ro/"
        }
    ],
    "licenses": [
        {
            "type": "LGPL",
            "url": "https://github.com/stefangabos/Zebra_Datepicker/blob/master/license.txt"
        }
    ],
    "bugs": "http://stefangabos.ro/jquery/zebra-datepicker/#how-to-use",
    "homepage": "http://stefangabos.ro/jquery/zebra-datepicker/",
    "docs": "http://stefangabos.ro/jquery/zebra-datepicker/#how-to-use",
    "download": "http://stefangabos.ro/jquery/zebra-datepicker/#download",
    "dependencies": {
        "jquery": ">=1.5.2"
    }
}